{"cameraMode":{"drawMode":0,"name":"Shaded","section":"Shading Mode"},"sceneLighting":false,"audioPlay":false,"sceneViewState":{"showFog":true,"showMaterialUpdate":false,"showSkybox":true,"showFlares":true,"showImageEffects":true,"showParticleSystems":true},"in2DMode":false,"pivot":{"x":-0.5983067750930786,"y":-1.1393669843673707,"z":-0.49597835540771487},"rotation":{"x":-0.20818445086479188,"y":0.2833975851535797,"z":-0.06316826492547989,"w":-0.9339994192123413},"size":2.3566715717315676,"orthographic":false}