{"cameraMode":{"drawMode":0,"name":"Shaded","section":"Shading Mode"},"sceneLighting":false,"audioPlay":false,"sceneViewState":{"showFog":true,"showMaterialUpdate":false,"showSkybox":true,"showFlares":true,"showImageEffects":true,"showParticleSystems":true},"in2DMode":false,"pivot":{"x":0.10107747465372086,"y":0.310722678899765,"z":0.1986132115125656},"rotation":{"x":0.5560613870620728,"y":-0.0189609806984663,"z":0.01268818136304617,"w":0.830828070640564},"size":1.4331650733947755,"orthographic":false}