{"cameraMode":{"drawMode":0,"name":"Shaded","section":"Shading Mode"},"sceneLighting":false,"audioPlay":false,"sceneViewState":{"showFog":true,"showMaterialUpdate":false,"showSkybox":true,"showFlares":true,"showImageEffects":true,"showParticleSystems":true},"in2DMode":false,"pivot":{"x":-0.17454908788204194,"y":0.24608442187309266,"z":-0.8871151208877564},"rotation":{"x":-0.23649825155735017,"y":-0.019825350493192674,"z":0.00482645258307457,"w":-0.9714177250862122},"size":0.1239519715309143,"orthographic":false}