{"cameraMode":{"drawMode":0,"name":"Shaded","section":"Shading Mode"},"sceneLighting":false,"audioPlay":false,"sceneViewState":{"showFog":true,"showMaterialUpdate":false,"showSkybox":true,"showFlares":true,"showImageEffects":true,"showParticleSystems":true},"in2DMode":false,"pivot":{"x":1.303715467453003,"y":0.682340145111084,"z":-1.9728974103927613},"rotation":{"x":0.012451552785933018,"y":0.957223653793335,"z":-0.041665490716695788,"w":0.2860628664493561},"size":4.946549415588379,"orthographic":false}