{"cameraMode":{"drawMode":0,"name":"Shaded","section":"Shading Mode"},"sceneLighting":false,"audioPlay":false,"sceneViewState":{"showFog":true,"showMaterialUpdate":false,"showSkybox":true,"showFlares":true,"showImageEffects":true,"showParticleSystems":true},"in2DMode":false,"pivot":{"x":-1.3870000839233399,"y":0.0,"z":-0.5149999856948853},"rotation":{"x":-0.031987130641937259,"y":0.8375316858291626,"z":-0.049314193427562717,"w":-0.5432178378105164},"size":4.010766506195068,"orthographic":false}