{"cameraMode":{"drawMode":0,"name":"Shaded","section":"Shading Mode"},"sceneLighting":false,"audioPlay":false,"sceneViewState":{"showFog":true,"showMaterialUpdate":false,"showSkybox":true,"showFlares":true,"showImageEffects":true,"showParticleSystems":true},"in2DMode":false,"pivot":{"x":-4.187740325927734,"y":-1.4713057279586793,"z":-0.05327233672142029},"rotation":{"x":-0.2270478457212448,"y":-0.3085497319698334,"z":0.0760992243885994,"w":-0.920573353767395},"size":4.041658878326416,"orthographic":false}