{"cameraMode":{"drawMode":0,"name":"Shaded","section":"Shading Mode"},"sceneLighting":false,"audioPlay":false,"sceneViewState":{"showFog":true,"showMaterialUpdate":false,"showSkybox":true,"showFlares":true,"showImageEffects":true,"showParticleSystems":true},"in2DMode":false,"pivot":{"x":-0.15578293800354005,"y":0.17838019132614137,"z":0.017500758171081544},"rotation":{"x":-0.2328062504529953,"y":-0.2019037902355194,"z":0.04947315901517868,"w":-0.9500466585159302},"size":1.4570444822311402,"orthographic":false}