{"cameraMode":{"drawMode":0,"name":"Shaded","section":"Shading Mode"},"sceneLighting":false,"audioPlay":false,"sceneViewState":{"showFog":true,"showMaterialUpdate":false,"showSkybox":true,"showFlares":true,"showImageEffects":true,"showParticleSystems":true},"in2DMode":false,"pivot":{"x":5.960464477539063e-8,"y":0.30000001192092898,"z":-5.960464477539063e-8},"rotation":{"x":-0.2794813811779022,"y":-0.35799282789230349,"z":0.11321995407342911,"w":-0.8836925625801086},"size":2.491445779800415,"orthographic":false}