{"cameraMode":{"drawMode":0,"name":"Shaded","section":"Shading Mode"},"sceneLighting":false,"audioPlay":false,"sceneViewState":{"showFog":true,"showMaterialUpdate":false,"showSkybox":true,"showFlares":true,"showImageEffects":true,"showParticleSystems":true},"in2DMode":false,"pivot":{"x":-0.5510554909706116,"y":-0.5285090208053589,"z":-2.234135150909424},"rotation":{"x":0.11395573616027832,"y":0.16461879014968873,"z":-0.019152652472257615,"w":0.9795652031898499},"size":-0.4186156392097473,"orthographic":false}