{"cameraMode":{"drawMode":0,"name":"Shaded","section":"Shading Mode"},"sceneLighting":false,"audioPlay":false,"sceneViewState":{"showFog":true,"showMaterialUpdate":false,"showSkybox":true,"showFlares":true,"showImageEffects":true,"showParticleSystems":true},"in2DMode":false,"pivot":{"x":1.2142643928527833,"y":0.276757150888443,"z":0.5830158591270447},"rotation":{"x":0.05053766071796417,"y":-0.8895138502120972,"z":-0.10156344622373581,"w":-0.44260138273239138},"size":0.6829854249954224,"orthographic":false}