{"cameraMode":{"drawMode":0,"name":"Shaded","section":"Shading Mode"},"sceneLighting":false,"audioPlay":false,"sceneViewState":{"showFog":true,"showMaterialUpdate":false,"showSkybox":true,"showFlares":true,"showImageEffects":true,"showParticleSystems":true},"in2DMode":false,"pivot":{"x":-0.11076000332832337,"y":0.6973119974136353,"z":-0.7055890560150147},"rotation":{"x":-0.013138330541551113,"y":0.08507201075553894,"z":0.0011199928121641279,"w":0.9962875843048096},"size":2.4639010429382326,"orthographic":false}