{"cameraMode":{"drawMode":0,"name":"Shaded","section":"Shading Mode"},"sceneLighting":false,"audioPlay":false,"sceneViewState":{"showFog":true,"showMaterialUpdate":false,"showSkybox":true,"showFlares":true,"showImageEffects":true,"showParticleSystems":true},"in2DMode":false,"pivot":{"x":-2.3299999237060549,"y":0.37599998712539675,"z":4.514999866485596},"rotation":{"x":-0.015612893737852574,"y":0.9100985527038574,"z":-0.034428998827934268,"w":-0.41266384720802309},"size":2.2863171100616457,"orthographic":false}