{"cameraMode":{"drawMode":0,"name":"Shaded","section":"Shading Mode"},"sceneLighting":false,"audioPlay":false,"sceneViewState":{"showFog":true,"showMaterialUpdate":false,"showSkybox":true,"showFlares":true,"showImageEffects":true,"showParticleSystems":true},"in2DMode":false,"pivot":{"x":-3.543442726135254,"y":-2.5089235305786135,"z":-1.5017337799072266},"rotation":{"x":0.3514220714569092,"y":0.11195744574069977,"z":-0.04237263277173042,"w":0.9285328984260559},"size":15.312694549560547,"orthographic":false}