{"cameraMode":{"drawMode":0,"name":"Shaded","section":"Shading Mode"},"sceneLighting":false,"audioPlay":false,"sceneViewState":{"showFog":true,"showMaterialUpdate":false,"showSkybox":true,"showFlares":true,"showImageEffects":true,"showParticleSystems":true},"in2DMode":false,"pivot":{"x":-0.09491883218288422,"y":1.1340473890304566,"z":0.18154576420783997},"rotation":{"x":-0.1115078255534172,"y":-0.8603267669677734,"z":0.2135602980852127,"w":-0.4492170512676239},"size":3.247668981552124,"orthographic":false}