{"cameraMode":{"drawMode":0,"name":"Shaded","section":"Shading Mode"},"sceneLighting":false,"audioPlay":false,"sceneViewState":{"showFog":true,"showMaterialUpdate":false,"showSkybox":true,"showFlares":true,"showImageEffects":true,"showParticleSystems":true},"in2DMode":false,"pivot":{"x":-0.7520310878753662,"y":-0.00005088001489639282,"z":-1.999389886856079},"rotation":{"x":0.01700638420879841,"y":-0.2744753062725067,"z":-0.004852999467402697,"w":-0.9614315032958984},"size":-0.9539927840232849,"orthographic":false}