{"cameraMode":{"drawMode":0,"name":"Shaded","section":"Shading Mode"},"sceneLighting":false,"audioPlay":false,"sceneViewState":{"showFog":true,"showMaterialUpdate":false,"showSkybox":true,"showFlares":true,"showImageEffects":true,"showParticleSystems":true},"in2DMode":false,"pivot":{"x":-7.771954536437988,"y":1.7869105339050294,"z":-1.0191218852996827},"rotation":{"x":-0.1428525149822235,"y":0.2273486852645874,"z":-0.0337340384721756,"w":-0.9626877903938294},"size":1.9113614559173585,"orthographic":false}