{"cameraMode":{"drawMode":0,"name":"Shaded","section":"Shading Mode"},"sceneLighting":false,"audioPlay":false,"sceneViewState":{"showFog":true,"showMaterialUpdate":false,"showSkybox":true,"showFlares":true,"showImageEffects":true,"showParticleSystems":true},"in2DMode":false,"pivot":{"x":-0.35738039016723635,"y":0.6234859228134155,"z":-0.5229148864746094},"rotation":{"x":0.031185580417513849,"y":0.1966068148612976,"z":-0.00625868234783411,"w":0.979966402053833},"size":2.467118501663208,"orthographic":false}